{"location":{"name":"Hyderabad","region":"Andhra Pradesh","country":"India","lat":17.38,"lon":78.47,"tz_id":"Asia/Kolkata","localtime_epoch":1681279657,"localtime":"2023-04-12 11:37"},"forecast":{"forecastday":[{"date":"2023-04-09","date_epoch":1680998400,"day":{"maxtemp_c":36.9,"maxtemp_f":98.4,"mintemp_c":24.4,"mintemp_f":75.9,"avgtemp_c":30.8,"avgtemp_f":87.5,"maxwind_mph":10.1,"maxwind_kph":16.2,"totalprecip_mm":0.0,"totalprecip_in":0.0,"avgvis_km":10.0,"avgvis_miles":6.0,"avghumidity":33.0,"condition":{"text":"Partly cloudy","icon":"//cdn.weatherapi.com/weather/64x64/day/116.png","code":1003},"uv":9.0},"astro":{"sunrise":"06:05 AM","sunset":"06:31 PM","moonrise":"09:33 PM","moonset":"08:05 AM","moon_phase":"Waning Gibbous","moon_illumination":"91"},"hour":[{"time_epoch":1680982200,"time":"2023-04-09 01:00","temp_c":27.3,"temp_f":81.1,"is_day":0,"condition":{"text":"Clear","icon":"//cdn.weatherapi.com/weather/64x64/night/113.png","code":1000},"wind_mph":6.5,"wind_kph":10.4,"wind_degree":107,"wind_dir":"ESE","pressure_mb":1013.0,"pressure_in":29.92,"precip_mm":0.0,"precip_in":0.0,"humidity":43,"cloud":7,"feelslike_c":27.4,"feelslike_f":81.3,"windchill_c":27.3,"windchill_f":81.1,"heatindex_c":27.4,"heatindex_f":81.3,"dewpoint_c":13.7,"dewpoint_f":56.7,"will_it_rain":0,"chance_of_rain":0,"will_it_snow":0,"chance_of_snow":0,"vis_km":10.0,"vis_miles":6.0,"gust_mph":10.5,"gust_kph":16.9,"uv":1.0}]},{"date":"2023-04-10","date_epoch":1681084800,"day":{"maxtemp_c":39.6,"maxtemp_f":103.3,"mintemp_c":25.8,"mintemp_f":78.4,"avgtemp_c":32.2,"avgtemp_f":89.9,"maxwind_mph":11.9,"maxwind_kph":19.1,"totalprecip_mm":0.0,"totalprecip_in":0.0,"avgvis_km":10.0,"avgvis_miles":6.0,"avghumidity":27.0,"condition":{"text":"Sunny","icon":"//cdn.weatherapi.com/weather/64x64/day/113.png","code":1000},"uv":9.0},"astro":{"sunrise":"06:04 AM","sunset":"06:31 PM","moonrise":"10:35 PM","moonset":"08:54 AM","moon_phase":"Waning Gibbous","moon_illumination":"84"},"hour":[{"time_epoch":1681068600,"time":"2023-04-10 01:00","temp_c":27.7,"temp_f":81.9,"is_day":0,"condition":{"text":"Clear","icon":"//cdn.weatherapi.com/weather/64x64/night/113.png","code":1000},"wind_mph":6.3,"wind_kph":10.1,"wind_degree":159,"wind_dir":"SSE","pressure_mb":1011.0,"pressure_in":29.86,"precip_mm":0.0,"precip_in":0.0,"humidity":35,"cloud":6,"feelslike_c":27.1,"feelslike_f":80.8,"windchill_c":27.7,"windchill_f":81.9,"heatindex_c":27.1,"heatindex_f":80.8,"dewpoint_c":11.0,"dewpoint_f":51.8,"will_it_rain":0,"chance_of_rain":0,"will_it_snow":0,"chance_of_snow":0,"vis_km":10.0,"vis_miles":6.0,"gust_mph":11.2,"gust_kph":18.0,"uv":1.0}]},{"date":"2023-04-11","date_epoch":1681171200,"day":{"maxtemp_c":41.0,"maxtemp_f":105.8,"mintemp_c":27.1,"mintemp_f":80.8,"avgtemp_c":33.7,"avgtemp_f":92.7,"maxwind_mph":8.9,"maxwind_kph":14.4,"totalprecip_mm":0.0,"totalprecip_in":0.0,"avgvis_km":10.0,"avgvis_miles":6.0,"avghumidity":25.0,"condition":{"text":"Sunny","icon":"//cdn.weatherapi.com/weather/64x64/day/113.png","code":1000},"uv":10.0},"astro":{"sunrise":"06:03 AM","sunset":"06:31 PM","moonrise":"11:38 PM","moonset":"09:48 AM","moon_phase":"Waning Gibbous","moon_illumination":"76"},"hour":[{"time_epoch":1681155000,"time":"2023-04-11 01:00","temp_c":29.0,"temp_f":84.2,"is_day":0,"condition":{"text":"Clear","icon":"//cdn.weatherapi.com/weather/64x64/night/113.png","code":1000},"wind_mph":4.7,"wind_kph":7.6,"wind_degree":175,"wind_dir":"S","pressure_mb":1010.0,"pressure_in":29.83,"precip_mm":0.0,"precip_in":0.0,"humidity":32,"cloud":8,"feelslike_c":28.0,"feelslike_f":82.4,"windchill_c":29.0,"windchill_f":84.2,"heatindex_c":28.0,"heatindex_f":82.4,"dewpoint_c":10.4,"dewpoint_f":50.7,"will_it_rain":0,"chance_of_rain":0,"will_it_snow":0,"chance_of_snow":0,"vis_km":10.0,"vis_miles":6.0,"gust_mph":7.6,"gust_kph":12.2,"uv":1.0}]},{"date":"2023-04-12","date_epoch":1681257600,"day":{"maxtemp_c":42.2,"maxtemp_f":108.0,"mintemp_c":29.1,"mintemp_f":84.4,"avgtemp_c":35.4,"avgtemp_f":95.7,"maxwind_mph":9.2,"maxwind_kph":14.8,"totalprecip_mm":0.2,"totalprecip_in":0.01,"avgvis_km":10.0,"avgvis_miles":6.0,"avghumidity":23.0,"condition":{"text":"Sunny","icon":"//cdn.weatherapi.com/weather/64x64/day/113.png","code":1000},"uv":10.0},"astro":{"sunrise":"06:03 AM","sunset":"06:31 PM","moonrise":"No moonrise","moonset":"10:47 AM","moon_phase":"Waning Gibbous","moon_illumination":"65"},"hour":[{"time_epoch":1681241400,"time":"2023-04-12 01:00","temp_c":31.1,"temp_f":88.0,"is_day":0,"condition":{"text":"Clear","icon":"//cdn.weatherapi.com/weather/64x64/night/113.png","code":1000},"wind_mph":5.4,"wind_kph":8.6,"wind_degree":200,"wind_dir":"SSW","pressure_mb":1011.0,"pressure_in":29.84,"precip_mm":0.0,"precip_in":0.0,"humidity":29,"cloud":7,"feelslike_c":29.9,"feelslike_f":85.8,"windchill_c":31.1,"windchill_f":88.0,"heatindex_c":29.9,"heatindex_f":85.8,"dewpoint_c":10.8,"dewpoint_f":51.4,"will_it_rain":0,"chance_of_rain":0,"will_it_snow":0,"chance_of_snow":0,"vis_km":10.0,"vis_miles":6.0,"gust_mph":8.5,"gust_kph":13.7,"uv":1.0}]},{"date":"2023-04-13","date_epoch":1681344000,"day":{"maxtemp_c":42.6,"maxtemp_f":108.7,"mintemp_c":29.4,"mintemp_f":84.9,"avgtemp_c":35.8,"avgtemp_f":96.4,"maxwind_mph":9.4,"maxwind_kph":15.1,"totalprecip_mm":0.8,"totalprecip_in":0.03,"avgvis_km":10.0,"avgvis_miles":6.0,"avghumidity":21.0,"condition":{"text":"Patchy rain possible","icon":"//cdn.weatherapi.com/weather/64x64/day/176.png","code":1063},"uv":9.0},"astro":{"sunrise":"06:02 AM","sunset":"06:31 PM","moonrise":"12:38 AM","moonset":"11:51 AM","moon_phase":"Last Quarter","moon_illumination":"54"},"hour":[{"time_epoch":1681327800,"time":"2023-04-13 01:00","temp_c":31.7,"temp_f":89.1,"is_day":0,"condition":{"text":"Clear","icon":"//cdn.weatherapi.com/weather/64x64/night/113.png","code":1000},"wind_mph":1.8,"wind_kph":2.9,"wind_degree":30,"wind_dir":"NNE","pressure_mb":1010.0,"pressure_in":29.81,"precip_mm":0.0,"precip_in":0.0,"humidity":26,"cloud":5,"feelslike_c":30.3,"feelslike_f":86.5,"windchill_c":31.7,"windchill_f":89.1,"heatindex_c":30.3,"heatindex_f":86.5,"dewpoint_c":10.1,"dewpoint_f":50.2,"will_it_rain":0,"chance_of_rain":0,"will_it_snow":0,"chance_of_snow":0,"vis_km":10.0,"vis_miles":6.0,"gust_mph":3.1,"gust_kph":5.0,"uv":1.0}]},{"date":"2023-04-14","date_epoch":1681430400,"day":{"maxtemp_c":41.8,"maxtemp_f":107.2,"mintemp_c":29.7,"mintemp_f":85.5,"avgtemp_c":34.8,"avgtemp_f":94.6,"maxwind_mph":10.5,"maxwind_kph":16.9,"totalprecip_mm":0.0,"totalprecip_in":0.0,"avgvis_km":10.0,"avgvis_miles":6.0,"avghumidity":21.0,"condition":{"text":"Sunny","icon":"//cdn.weatherapi.com/weather/64x64/day/113.png","code":1000},"uv":10.0},"astro":{"sunrise":"06:01 AM","sunset":"06:32 PM","moonrise":"01:36 AM","moonset":"12:55 PM","moon_phase":"Waning Crescent","moon_illumination":"43"},"hour":[{"time_epoch":1681414200,"time":"2023-04-14 01:00","temp_c":32.0,"temp_f":89.6,"is_day":0,"condition":{"text":"Clear","icon":"//cdn.weatherapi.com/weather/64x64/night/113.png","code":1000},"wind_mph":3.1,"wind_kph":5.0,"wind_degree":197,"wind_dir":"SSW","pressure_mb":1009.0,"pressure_in":29.79,"precip_mm":0.0,"precip_in":0.0,"humidity":21,"cloud":7,"feelslike_c":29.9,"feelslike_f":85.8,"windchill_c":32.0,"windchill_f":89.6,"heatindex_c":29.9,"heatindex_f":85.8,"dewpoint_c":7.2,"dewpoint_f":45.0,"will_it_rain":0,"chance_of_rain":0,"will_it_snow":0,"chance_of_snow":0,"vis_km":10.0,"vis_miles":6.0,"gust_mph":5.6,"gust_kph":9.0,"uv":1.0}]}]}}